{
    "accuracy": 0.9202633504023409,
    "precision": 0.7647058823529411,
    "recall": 0.6157894736842106
}
